,precision,recall,f1-score,support
success,0.8,0.9811320754716981,0.8813559322033898,106.0
never_reached_object,1.0,1.0,1.0,895.0
reached_but_failed_grasp,0.9811320754716981,0.7572815533980582,0.8547945205479452,206.0
grasped_but_dropped,0.5862068965517241,0.85,0.6938775510204082,20.0
spoofed_goal,0.9016393442622951,0.9649122807017544,0.9322033898305084,57.0
divergent_transport,0.782608695652174,1.0,0.8780487804878049,36.0
accuracy,0.9568181818181818,0.9568181818181818,0.9568181818181818,0.9568181818181818
macro avg,0.8419311686563152,0.9255543182619185,0.8733800290150094,1320.0
weighted avg,0.9645490160186615,0.9568181818181818,0.9569199245338971,1320.0
