model,n_train,n_test,n_features_base,n_features_chain,accuracy,macro_f1,balanced_accuracy,macro_f1_ci_lo,macro_f1_ci_hi,vs_flat_rf_accuracy_delta,vs_flat_rf_macro_f1_delta,vs_flat_xgboost_accuracy_delta,vs_flat_xgboost_macro_f1_delta
hierarchical_rf,5280,1320,42,19,0.9568181818181818,0.8733800290150096,0.9255543182619185,0.838559235581619,0.9063584431888996,0.014418181818181774,0.05748002901500959,,
hierarchical_xgboost,5280,1320,42,19,0.9613636363636363,0.8816704638738537,0.9106014282617864,0.8425616944613261,0.9140696247798263,,,0.0128636363636363,0.05767046387385377
